,Census_tract,Value_count,change_median,zestimate_median
0,13057090101,1441,1.7534722222222223,398400.0
1,13057090102,1321,1.7541673157812745,451800.0
2,13057090103,739,1.5570384493168097,349500.0
3,13057090201,875,1.685756786909632,395700.0
4,13057090202,2136,1.4473046981887028,432600.0
5,13057090301,359,1.9500594530321047,598600.0
6,13057090302,857,1.8605539637058264,469800.0
7,13057090303,1365,1.6067048242027802,502600.0
8,13057090401,175,2.31103515625,277800.0
9,13057090402,1686,1.749644401157181,399250.0
10,13057090503,1074,2.2887570054562802,745100.0
11,13057090504,425,2.0736283907811544,571300.0
12,13057090505,679,2.05317577548006,583300.0
13,13057090506,1476,1.882163277335691,515250.0
14,13057090507,751,2.2222222222222223,524600.0
15,13057090603,790,1.8642588403079676,488750.0
16,13057090604,616,2.1574147198692017,435650.0
17,13057090605,703,1.9061971830985915,329000.0
18,13057090606,808,1.9928661478658294,408800.0
19,13057090703,378,1.7666857058927585,335300.0
20,13057090704,224,1.7087687926081725,377000.0
21,13057090705,146,2.6065741877976607,443550.0
22,13057090706,452,1.8104885585221089,518250.0
23,13057090707,107,1.5412156536219817,357200.0
24,13057090708,64,2.3742540346305123,348700.0
25,13057090709,627,1.4334683702087878,440300.0
26,13057090710,279,1.6962955298013245,538000.0
27,13057090805,899,1.6148325358851676,477000.0
28,13057090806,115,1.9680763534638803,536500.0
29,13057090807,429,1.7598574292715528,438200.0
30,13057090808,649,1.863802559414991,612500.0
31,13057090809,767,2.384737678855326,657900.0
32,13057090810,1041,2.0103074772886096,588900.0
33,13057090905,164,1.8211274496697196,322950.0
34,13057090906,255,1.409021794221997,397500.0
35,13057090907,989,1.565483870967742,400100.0
36,13057090908,395,1.5499185478240634,379400.0
37,13057090909,68,2.034170441587091,516950.0
38,13057090910,449,1.5833695180199738,572200.0
39,13057090911,201,1.4036556439235384,576600.0
40,13057090912,691,1.418736119523521,416600.0
41,13057091001,329,1.5338042381432897,432200.0
42,13057091006,223,1.752298539751217,380400.0
43,13057091007,738,1.8505250415779495,480400.0
44,13057091009,591,1.677297895902547,436900.0
45,13057091010,393,2.0453143077516387,582800.0
46,13057091011,73,1.7282253908263183,596400.0
47,13057091012,304,1.761691852428446,336850.0
48,13057091013,192,1.6262594733156315,406400.0
49,13057091014,117,1.2493045897079276,294900.0
50,13057091101,939,1.780390510182658,386000.0
51,13057091104,925,1.677681748856126,365000.0
52,13057091105,598,1.4596215161335921,357700.0
53,13057091106,579,1.610583836640782,397600.0
54,13057091107,115,1.3226675648366453,365400.0
55,13057091108,406,1.66519801443394,338200.0
56,13063040202,573,2.642221280203476,200800.0
57,13063040203,546,0.816654037758803,250350.0
58,13063040204,545,1.286144578313253,279100.0
59,13063040302,553,2.216421240517626,164700.0
60,13063040306,23,2.800772200772201,185300.0
61,13063040307,195,1.545994065281899,210700.0
62,13063040308,99,2.0441988950276246,176100.0
63,13063040309,214,1.0742407986192097,180250.0
64,13063040310,487,1.620299602568022,164900.0
65,13063040407,739,1.4685990338164252,205700.0
66,13063040409,38,0.955717464952443,270000.0
67,13063040410,920,1.5961987740848855,268500.0
68,13063040414,180,2.0934657418938745,173800.0
69,13063040416,239,1.1084538375973303,189800.0
70,13063040417,237,1.6548940464177595,199100.0
71,13063040418,94,1.7312884468177332,211450.0
72,13063040419,277,1.6715715126545028,317500.0
73,13063040420,548,1.319334235922449,276550.0
74,13063040421,861,1.2205488621151273,291100.0
75,13063040423,212,1.5696759137312504,209000.0
76,13063040425,599,0.9399477806788512,203500.0
77,13063040426,38,1.15064047334933,206650.0
78,13063040427,168,1.43855317554336,211500.0
79,13063040509,375,1.1959521619135236,238500.0
80,13063040510,37,1.66270783847981,176500.0
81,13063040512,506,1.4870920011130226,236800.0
82,13063040513,347,1.436478454680535,243400.0
83,13063040518,191,1.3717026378896884,207400.0
84,13063040519,17,2.814814814814815,405100.0
85,13063040522,414,1.7499421628091774,211650.0
86,13063040523,193,1.325068870523416,233900.0
87,13063040525,260,1.517129529672272,234050.0
88,13063040527,172,1.455915155769656,206150.0
89,13063040528,82,1.5267407993966233,229000.0
90,13063040529,232,1.2425144986485424,189450.0
91,13063040531,158,1.7558278359681538,188650.0
92,13063040532,297,1.1754537597234227,220400.0
93,13063040533,100,1.5290896262944313,208300.0
94,13063040534,140,1.7418043244907557,244400.0
95,13063040535,81,1.339443073669369,264000.0
96,13063040537,677,1.5443860191772347,238000.0
97,13063040538,281,1.6558300823580407,214700.0
98,13063040606,617,1.3269088213491476,284500.0
99,13063040609,697,1.524432809773124,237800.0
100,13063040614,567,2.0612244897959187,476900.0
101,13063040615,189,1.492822966507177,287900.0
102,13063040617,20,-4.357236418788491,213600.0
103,13063040623,238,1.2160356976432212,236900.0
104,13063040624,631,1.5979381443298968,272300.0
105,13063040625,53,1.052170100832968,220800.0
106,13063040626,304,1.3702971432115447,282500.0
107,13063040627,501,1.3987556561085972,282700.0
108,13063040628,548,1.6268939735552097,324250.0
109,13063040629,68,2.088188682699128,172850.0
110,13063040630,484,2.0486493140014916,207300.0
111,13063040631,1256,1.320352838896442,310300.0
112,13063040632,127,1.3561904761904762,272800.0
113,13063040633,442,1.4706662137809354,217450.0
114,13063040634,166,1.6588824365711097,232900.0
115,13063040635,252,1.8568858410536504,204000.0
116,13063040636,1131,1.4311485267588695,336900.0
117,13063040637,47,1.25531914893617,250500.0
118,13063040638,513,1.2080207732256203,307700.0
119,13063040639,759,1.2848101265822784,337100.0
120,13063980000,3,1.7291748914330831,738500.0
121,13067030104,279,1.429592566118656,316300.0
122,13067030107,538,1.4784778803123104,397200.0
123,13067030108,981,1.6855654305853511,504100.0
124,13067030109,423,1.692859112213951,392400.0
125,13067030110,266,1.6269886932681232,397950.0
126,13067030111,703,1.5466666666666666,380600.0
127,13067030235,869,1.8402649981597348,457100.0
128,13067030236,611,1.7170531259172297,584200.0
129,13067030240,108,1.890241042131585,435800.0
130,13067030241,458,1.8862863129483625,464550.0
131,13067030242,247,1.205711263881544,311100.0
132,13067030243,537,1.89519023689878,305500.0
133,13067030244,731,1.7320984584783692,545100.0
134,13067030245,82,1.9518651063771633,590600.0
135,13067030246,263,1.995741893219784,265300.0
136,13067030247,124,1.5501393791753035,380250.0
137,13067030248,260,1.6783318655707373,446850.0
138,13067030249,23,1.5316742081447965,402300.0
139,13067030250,352,2.128910447252153,701000.0
140,13067030251,293,2.249395926820849,562500.0
141,13067030252,898,1.986034540328524,634350.0
142,13067030253,607,2.0774564183835182,626000.0
143,13067030255,280,1.5522768157841027,355300.0
144,13067030256,827,2.0264505119453924,701600.0
145,13067030257,71,1.136275146009085,378600.0
146,13067030258,316,2.027985700023673,334550.0
147,13067030259,242,2.089869159522088,319150.0
148,13067030261,96,1.7588480693820305,495150.0
149,13067030262,354,1.8502101431820388,421150.0
150,13067030263,336,1.8080087604907469,388200.0
151,13067030264,122,1.851012463368395,648250.0
152,13067030265,211,1.9003364845377344,512200.0
153,13067030266,358,1.5267676725897439,502000.0
154,13067030267,361,1.4855761733977857,533000.0
155,13067030268,553,1.696750902527076,560000.0
156,13067030269,513,1.7218264840182649,373500.0
157,13067030270,211,1.9586799034075664,405000.0
158,13067030271,237,1.7209302325581397,419600.0
159,13067030272,228,1.7123835627650577,340950.0
160,13067030274,268,1.8026548294723632,362750.0
161,13067030276,16,1.6606821245120598,495700.0
162,13067030277,588,1.6808538401964457,504300.0
163,13067030278,290,1.993854447439353,277950.0
164,13067030319,599,2.17921967769296,659900.0
165,13067030322,513,2.1739130434782608,454700.0
166,13067030324,215,1.957637997432606,373500.0
167,13067030326,508,2.0940185309219306,557400.0
168,13067030327,372,2.329752226707923,561550.0
169,13067030329,251,1.9012345679012344,445600.0
170,13067030331,411,2.421767475552336,582100.0
171,13067030332,216,2.329266049197105,627850.0
172,13067030334,263,2.434570906877662,587600.0
173,13067030335,360,2.4608709968975533,581600.0
174,13067030337,274,2.655846581592197,859750.0
175,13067030340,256,2.3389800471408497,611800.0
176,13067030341,166,1.9296440345077508,388700.0
177,13067030342,702,2.2685125680176665,568250.0
178,13067030343,452,2.584871510601039,685000.0
179,13067030344,16,1.513947294258069,266750.0
180,13067030345,16,1.679015014888329,491550.0
181,13067030346,490,2.085202327169772,319650.0
182,13067030347,184,2.016955182507805,304900.0
183,13067030348,533,1.935842485936244,441300.0
184,13067030349,150,2.0738003513848877,346950.0
185,13067030350,345,1.8584497465694152,432400.0
186,13067030351,16,2.3363119470397766,565300.0
187,13067030352,485,2.399020807833537,1088700.0
188,13067030353,103,1.6530309862784258,978700.0
189,13067030354,211,1.8940818046282493,456400.0
190,13067030356,79,1.617104939788646,416000.0
191,13067030357,92,2.5950828784515583,597100.0
192,13067030358,309,2.3730684326710816,524400.0
193,13067030359,296,2.1669351265104178,482850.0
194,13067030360,151,2.2673529002642927,684300.0
195,13067030361,244,2.2416623985821973,348350.0
196,13067030362,400,2.106645129227661,417100.0
197,13067030363,351,2.0648967551622417,381900.0
198,13067030364,42,2.008277444034783,424500.0
199,13067030365,87,2.52345587325164,759200.0
200,13067030366,178,2.208229182426051,678100.0
201,13067030367,22,2.57077835762558,874000.0
202,13067030368,178,2.0596937028578646,471100.0
203,13067030369,102,2.4206945417095054,965600.0
204,13067030370,363,2.7468718857269403,734600.0
205,13067030405,75,1.5591929174387482,441800.0
206,13067030407,344,2.015456596954306,343400.0
207,13067030408,316,1.927220105550119,449400.0
208,13067030409,51,2.5107895404925107,496400.0
209,13067030410,211,2.4506675914687013,494800.0
210,13067030411,61,1.3849765258215962,254000.0
211,13067030412,157,1.3039934800325998,212800.0
212,13067030413,87,1.3297872340425532,230300.0
213,13067030414,2,4.169565905904798,373750.0
214,13067030505,244,2.3167225145890082,339350.0
215,13067030506,318,2.1118362726672704,327500.0
216,13067030507,293,2.318190315946906,355000.0
217,13067030508,281,2.1521447721179627,394700.0
218,13067030509,181,1.7882895875396594,487900.0
219,13067030510,268,1.9265398851720574,388750.0
220,13067030511,447,1.7417307049782826,318000.0
221,13067030602,697,2.376116681859617,558000.0
222,13067030603,322,1.5359651210837262,440100.0
223,13067030604,168,1.6098893524730276,274500.0
224,13067030700,496,1.9288436644430316,438550.0
225,13067030800,235,1.5234675557835342,319000.0
226,13067030906,319,2.0107238605898123,457000.0
227,13067030907,288,2.1089351603440654,408550.0
228,13067030908,10,1.9470406659711545,308450.0
229,13067030909,313,2.242599000384468,306900.0
230,13067030910,124,1.664051453960369,200300.0
231,13067030911,56,1.7881996157073219,387850.0
232,13067030912,22,2.563416014609822,461150.0
233,13067031001,326,2.934807982264617,245400.0
234,13067031004,30,2.250851751841851,287400.0
235,13067031005,312,2.2518145372750737,258000.0
236,13067031006,279,1.813793103448276,296900.0
237,13067031007,232,1.7269780172608096,272950.0
238,13067031101,336,1.7426878183378274,362400.0
239,13067031110,143,1.947945653953184,464900.0
240,13067031111,52,1.7454265600822465,259600.0
241,13067031112,155,1.910551454624403,518500.0
242,13067031113,76,1.4765296777787218,409900.0
243,13067031114,126,1.6737751381608077,289750.0
244,13067031115,468,1.852302195300592,357850.0
245,13067031116,103,1.5556891989415444,392400.0
246,13067031117,503,1.941206284845413,456100.0
247,13067031118,56,1.825475447302714,382750.0
248,13067031119,443,1.985484707102125,337800.0
249,13067031120,320,1.653724089823485,331250.0
250,13067031121,66,1.5225621493596455,268750.0
251,13067031122,34,2.5630170643073336,347000.0
252,13067031207,39,1.418755980861244,496200.0
253,13067031209,174,2.60315211501308,603750.0
254,13067031212,146,2.167495201556506,926600.0
255,13067031213,11,2.121067683508103,492600.0
256,13067031214,25,2.1744186046511627,363200.0
257,13067031215,192,1.5420698627726928,423900.0
258,13067031216,4,0.924380438212282,193850.0
259,13067031217,20,1.940582483592583,616200.0
260,13067031218,73,1.5868436237738026,697600.0
261,13067031219,1,0.9552706552706554,351000.0
262,13067031220,34,2.4448968425107105,480500.0
263,13067031221,80,1.6039014725062093,567650.0
264,13067031306,125,2.0522388059701493,247400.0
265,13067031308,691,2.119521912350598,253200.0
266,13067031314,283,1.69303974622131,419600.0
267,13067031315,535,1.8313791178112788,613800.0
268,13067031316,426,1.5239347617359555,434250.0
269,13067031317,300,1.8909512292525767,258450.0
270,13067031318,129,1.2322521419828645,278500.0
271,13067031319,154,2.0883310053049104,297550.0
272,13067031320,369,1.6556776556776558,277600.0
273,13067031321,9,2.4641867827463395,239500.0
274,13067031322,257,1.9633699633699635,245200.0
275,13067031323,423,2.009912536443149,242300.0
276,13067031324,163,2.081075222198136,409200.0
277,13067031325,67,1.9603212092583848,370500.0
278,13067031409,1350,1.4738565523017706,284400.0
279,13067031410,372,2.0416563801110277,287250.0
280,13067031411,225,1.925270758122744,284600.0
281,13067031412,199,1.7211155378486058,243300.0
282,13067031413,369,1.580345628062935,311900.0
283,13067031414,341,1.576437587657784,350200.0
284,13067031415,328,1.6177493048395946,276300.0
285,13067031416,808,1.5870133165163396,305450.0
286,13067031417,261,2.0577066269545794,219500.0
287,13067031506,742,1.5294230002361733,309100.0
288,13067031507,133,1.6016778523489934,306600.0
289,13067031510,569,1.6318851823118696,288200.0
290,13067031511,468,1.5465053480963493,319000.0
291,13067031512,892,1.5036105163479054,343650.0
292,13067031513,642,1.4814814814814816,334650.0
293,13067031514,141,1.6518987341772151,311700.0
294,13067031515,344,1.6125283273838353,339350.0
295,13067031516,32,1.4608967284438852,501900.0
296,13067031517,323,2.0495988329686363,303400.0
297,13067031518,222,1.5893480994415992,309500.0
298,13089020100,9,1.957585644371941,613000.0
299,13089020200,202,2.293477986870951,1039300.0
300,13089020300,257,2.886247877758913,803900.0
301,13089020400,20,1.242531296380288,766450.0
302,13089020500,71,2.754323725055432,541400.0
303,13089020700,71,2.327926164172843,589100.0
304,13089020801,41,3.434864300626305,615800.0
305,13089020802,253,3.19174732552216,557200.0
306,13089020901,300,2.313875044060546,464350.0
307,13089020902,345,2.842391304347826,445400.0
308,13089021101,770,3.0685772660788877,959050.0
309,13089021103,380,3.181371447027402,911750.0
310,13089021104,96,2.332574570652067,1112600.0
311,13089021204,75,9.043151969981238,276900.0
312,13089021208,257,4.011496612605214,499200.0
313,13089021210,561,3.629656790847756,660800.0
314,13089021211,88,3.721207001761033,501150.0
315,13089021213,64,3.2728105306606015,831550.0
316,13089021217,298,3.4703156577020313,573200.0
317,13089021219,237,3.5147151898734177,621300.0
318,13089021220,295,2.350090854027862,600700.0
319,13089021221,174,2.506466515369871,634900.0
320,13089021222,255,2.339460491764144,625400.0
321,13089021224,356,2.270740603777824,408150.0
322,13089021225,51,3.4758297258297257,848200.0
323,13089021226,8,1.2597811687219176,450650.0
324,13089021227,187,2.9258282028730576,662200.0
325,13089021228,500,2.823900246818276,756450.0
326,13089021229,92,2.7170566694783793,655150.0
327,13089021230,90,2.0252474193371928,798250.0
328,13089021301,55,2.788863764838892,341100.0
329,13089021305,234,2.269070720414369,472450.0
330,13089021306,331,4.442112626792585,328400.0
331,13089021307,424,3.9473769943673327,377000.0
332,13089021308,126,2.9781593497035024,382200.0
333,13089021309,43,2.035714285714286,332500.0
334,13089021310,47,1.7097500562936276,427200.0
335,13089021405,309,1.874212820926853,690100.0
336,13089021409,62,3.238458957044137,482750.0
337,13089021410,258,3.8462115925856937,402150.0
338,13089021411,252,3.499642936161093,1089350.0
339,13089021412,338,2.407816568064436,657000.0
340,13089021415,109,2.7077090710977934,862400.0
341,13089021417,55,2.768769389865564,499400.0
342,13089021420,18,1.4199880580731432,616550.0
343,13089021421,126,2.8824841886020476,599600.0
344,13089021502,96,3.0496566859735017,543450.0
345,13089021503,8,4.009307685817323,455500.0
346,13089021505,164,3.0467932566629985,755850.0
347,13089021506,20,2.7396395117068737,1067100.0
348,13089021602,278,3.08020244038646,621050.0
349,13089021604,222,2.7714357460948467,603250.0
350,13089021606,152,2.4922248555753743,570200.0
351,13089021607,140,1.4471563811315078,381950.0
352,13089021608,98,2.8285712301729973,658150.0
353,13089021609,156,2.9687885316289493,639300.0
354,13089021703,492,3.578688780953199,596250.0
355,13089021707,161,3.3871111507264464,541500.0
356,13089021708,81,3.300558659217877,380300.0
357,13089021709,10,2.4843668026278065,631550.0
358,13089021710,218,2.651652837876017,682250.0
359,13089021711,154,3.380063054629499,488900.0
360,13089021712,49,4.075239683201334,467700.0
361,13089021808,159,3.3753148614609576,501200.0
362,13089021813,1,22.29647283126788,314700.0
363,13089021815,5,2.271934921557234,356800.0
364,13089021816,64,4.881214500008516,502850.0
365,13089021817,186,3.452165061911186,341500.0
366,13089021818,366,3.2135955811158055,388050.0
367,13089021819,486,3.164266317905563,447100.0
368,13089021820,25,3.010800088163985,551200.0
369,13089021821,113,2.812425895186151,505700.0
370,13089021822,301,2.4015444015444016,385700.0
371,13089021823,614,3.204380413921884,424250.0
372,13089021824,268,3.0825215414258986,263900.0
373,13089021906,505,3.0138067061143983,249700.0
374,13089021908,2,5.033848422631722,257050.0
375,13089021910,65,2.213541666666667,165100.0
376,13089021912,702,2.9002593169132957,549800.0
377,13089021914,400,3.0791497522761437,245650.0
378,13089021915,564,2.540307891344712,356150.0
379,13089021916,289,4.221178171304662,230700.0
380,13089022001,456,3.2311595308247494,342800.0
381,13089022005,7,4.625850340136054,271900.0
382,13089022007,61,3.331192660550459,271800.0
383,13089022010,10,4.212899131596526,293750.0
384,13089022011,48,2.354227837495554,316350.0
385,13089022012,25,3.897749703908409,260900.0
386,13089022014,19,5.348090982940699,240500.0
387,13089022015,65,6.43444165621079,294000.0
388,13089022016,281,4.479843953185956,289600.0
389,13089022203,60,1.8468444427501285,346150.0
390,13089022205,43,1.6826923076923077,205600.0
391,13089022206,127,4.040619989310529,377400.0
392,13089022302,233,3.964502164502164,436300.0
393,13089022303,256,4.288058819241057,413500.0
394,13089022304,132,4.009231862039279,467450.0
395,13089022401,179,3.1527212614445577,912200.0
396,13089022403,702,3.3509998158770227,984500.0
397,13089022404,19,2.859581814694034,448900.0
398,13089022405,69,3.54762416684584,610600.0
399,13089022501,158,2.8161659259583818,719000.0
400,13089022502,120,4.040026771189499,794650.0
401,13089022601,263,2.411446846052052,637200.0
402,13089022602,218,3.2746444840433178,773050.0
403,13089022700,362,3.675601584211666,761500.0
404,13089022800,432,3.604248118581827,727250.0
405,13089022900,279,3.0320812182741115,435400.0
406,13089023101,127,2.285753126699293,332500.0
407,13089023107,171,1.4808311384255195,249900.0
408,13089023108,240,4.035771498228146,228950.0
409,13089023111,5,2.428811282740094,283000.0
410,13089023112,251,2.966542750929368,250400.0
411,13089023113,100,2.521569428723171,485250.0
412,13089023209,249,3.646953405017921,257700.0
413,13089023211,49,3.038817663817664,284800.0
414,13089023212,254,2.7522158159322068,275850.0
415,13089023213,86,1.9695211775894967,317800.0
416,13089023214,244,1.792090723676278,285250.0
417,13089023215,74,5.633711239734765,269800.0
418,13089023216,195,4.783137413862992,243200.0
419,13089023217,366,4.5695991246947125,266500.0
420,13089023218,133,5.106554081222357,235900.0
421,13089023219,330,3.8093136467865794,270250.0
422,13089023220,20,2.772350664755005,276000.0
423,13089023221,429,4.621168923734854,243900.0
424,13089023222,177,3.695806680881308,235700.0
425,13089023311,148,1.334979282251562,329850.0
426,13089023313,513,1.7816901408450705,227500.0
427,13089023315,804,1.7564032623641017,309100.0
428,13089023317,380,3.1567136845437505,207250.0
429,13089023318,318,1.8421538907831472,330800.0
430,13089023319,11,1.566823371390195,184900.0
431,13089023320,112,1.9275998280655744,227900.0
432,13089023321,117,2.3529411764705883,96600.0
433,13089023322,235,3.181446907817969,297400.0
434,13089023323,525,2.207191171235315,332200.0
435,13089023324,323,1.7868386532575424,417000.0
436,13089023325,53,1.307712215320911,385100.0
437,13089023326,148,1.4688010514055554,263050.0
438,13089023328,245,0.8056872037914692,235600.0
439,13089023329,119,1.996039603960396,313800.0
440,13089023330,560,2.005018344563586,270850.0
441,13089023332,179,2.0867768595041323,257900.0
442,13089023410,220,3.720018638719488,218050.0
443,13089023411,349,8.08876811594203,235500.0
444,13089023413,20,6.860433103622176,274500.0
445,13089023422,558,2.0230063975333987,283800.0
446,13089023424,183,2.190201729106628,329800.0
447,13089023425,712,3.259891068995718,254100.0
448,13089023426,593,2.177791448784989,296800.0
449,13089023427,217,5.527089458210836,224900.0
450,13089023429,219,2.8088865096359745,164800.0
451,13089023430,206,0.04159359570690315,152900.0
452,13089023431,70,2.825529452571055,269750.0
453,13089023432,871,1.6627557160048136,317300.0
454,13089023433,518,1.2843293707258354,265950.0
455,13089023434,736,1.5120475920513323,273650.0
456,13089023435,99,2.344900105152471,336100.0
457,13089023436,418,1.6890205119237893,256300.0
458,13089023437,803,2.268913189020308,350600.0
459,13089023438,146,1.7140684076621084,268650.0
460,13089023439,153,2.437649880095923,196000.0
461,13089023440,542,2.0989851101389787,260800.0
462,13089023441,495,1.7796289284361986,269300.0
463,13089023442,215,1.9363189720332576,298100.0
464,13089023443,237,2.677510165780419,269400.0
465,13089023444,222,3.6187453080357592,238450.0
466,13089023445,217,2.733975903614458,269100.0
467,13089023446,345,2.5554166666666664,272400.0
468,13089023447,227,3.7433784579164215,281700.0
469,13089023448,298,5.149123616178762,252700.0
470,13089023501,31,3.707331208345408,283900.0
471,13089023504,279,5.020538566864445,266200.0
472,13089023505,151,3.0979410127991094,261200.0
473,13089023506,39,2.766289437585734,236200.0
474,13089023507,388,5.494615349691809,228300.0
475,13089023601,120,2.5666347184175495,333250.0
476,13089023602,13,2.813852813852814,267900.0
477,13089023603,96,4.326679028017287,256100.0
478,13089023701,159,2.989468487740661,389300.0
479,13089023802,260,4.135567732454216,247150.0
480,13089023803,143,3.090623363017287,252400.0
481,13097080104,423,1.7091803278688529,299500.0
482,13097080105,693,1.5710256410256411,375300.0
483,13097080106,345,1.4706874736398143,245900.0
484,13097080107,1,7.298187808896212,485600.0
485,13097080201,1210,1.587419339644859,275050.0
486,13097080203,783,1.7391304347826086,257300.0
487,13097080204,179,2.299601015596663,251300.0
488,13097080303,348,2.1521167819055433,224600.0
489,13097080304,713,1.3140694874441003,269800.0
490,13097080305,156,1.5727755639385124,246950.0
491,13097080306,388,1.2873396768777607,261050.0
492,13097080307,531,1.0756381972896312,311100.0
493,13097080403,1296,1.6403000640326275,323550.0
494,13097080405,1709,1.4304812834224598,402000.0
495,13097080406,1390,1.5211763429632477,373600.0
496,13097080407,1227,1.1937377690802349,332600.0
497,13097080408,816,1.7460958760752145,265250.0
498,13097080505,269,1.4916810097532989,281200.0
499,13097080506,894,1.4698499426345122,285550.0
500,13097080507,688,1.474095457072111,350350.0
501,13097080508,201,1.3593054318788955,270700.0
502,13097080509,989,1.210060362173038,396000.0
503,13097080512,674,1.347659956264371,312650.0
504,13097080513,314,1.1596179067887409,344100.0
505,13097080514,827,1.3450323974082077,435500.0
506,13097080515,788,1.1834488458573802,313800.0
507,13097080602,1492,1.2065790948558037,326100.0
508,13097080605,885,1.3830703012912482,253200.0
509,13097080606,469,1.2517136329017515,323800.0
510,13097080607,174,0.9440442418756845,294550.0
511,13097080608,409,1.374485596707819,257600.0
512,13113140102,1136,1.7850553624608825,333300.0
513,13113140103,542,2.1822991997539303,414800.0
514,13113140104,776,1.9770245670765205,361600.0
515,13113140203,1651,1.6481609993060375,486400.0
516,13113140204,1457,2.300966405890474,444500.0
517,13113140206,604,2.68780568918018,790650.0
518,13113140207,531,2.505744768157571,495700.0
519,13113140209,325,2.05575785161584,449600.0
520,13113140210,1131,1.7843323216995448,534600.0
521,13113140303,798,2.9194961767291923,487050.0
522,13113140304,871,2.7137254901960786,438000.0
523,13113140305,1126,2.023087971004583,521550.0
524,13113140307,995,2.469237079573421,676100.0
525,13113140308,310,2.7359695686249714,573550.0
526,13113140309,784,2.6737327702605715,448050.0
527,13113140403,1063,1.5264290104486786,386900.0
528,13113140404,728,1.9055507008284105,364600.0
529,13113140405,942,2.1733950706101153,444500.0
530,13113140406,550,1.5570291375277139,327450.0
531,13113140408,845,1.796179944709726,336300.0
532,13113140409,102,1.9503377853977066,309500.0
533,13113140410,438,1.5630103039593823,347900.0
534,13113140501,1488,2.267947489280669,571250.0
535,13113140502,1161,1.7625698324022343,454800.0
536,13117130101,1170,1.5920637338284398,489000.0
537,13117130102,497,1.5258350730688934,461900.0
538,13117130103,1004,1.5015421847537334,404200.0
539,13117130104,1218,1.6853897091981414,468050.0
540,13117130105,83,2.358775334195774,336900.0
541,13117130201,1384,1.782440210473763,471750.0
542,13117130202,777,1.7533129459734964,589100.0
543,13117130203,1192,1.9511088304850301,436250.0
544,13117130204,709,1.5514103730664242,480100.0
545,13117130205,1105,1.36797694998971,442200.0
546,13117130301,1073,1.7260756676557865,517700.0
547,13117130302,1125,2.011397921555481,611500.0
548,13117130303,884,1.7877899808655715,431900.0
549,13117130304,1440,2.202543642210771,698950.0
550,13117130305,608,1.748538568936089,607450.0
551,13117130306,666,2.035113383168592,676200.0
552,13117130307,824,1.6957078053477368,606950.0
553,13117130406,288,1.7959706778494247,341850.0
554,13117130409,288,2.262773508821605,393550.0
555,13117130410,589,2.200942840306423,620900.0
556,13117130411,566,1.8272846783883991,449700.0
557,13117130412,812,2.2366041878077665,395800.0
558,13117130413,438,2.2862774986838525,380250.0
559,13117130414,868,1.8429427008869195,560300.0
560,13117130415,603,2.068226981673659,466800.0
561,13117130503,958,1.7069998336299759,608100.0
562,13117130504,548,2.534819030196534,449100.0
563,13117130505,1017,2.355576841209025,676700.0
564,13117130506,536,1.9894496124843994,449150.0
565,13117130507,331,2.1233393177737883,535600.0
566,13117130508,853,1.906154783668495,644100.0
567,13117130509,489,1.8045977011494247,526500.0
568,13117130511,132,1.7119627109575122,755950.0
569,13117130512,455,1.7005326494377588,634100.0
570,13117130601,602,1.792403906171348,514500.0
571,13117130602,290,2.1515242191298527,651300.0
572,13117130603,689,1.946560650887574,544900.0
573,13117130604,200,2.15282003621658,624150.0
574,13117130605,333,2.1203138622493465,650300.0
575,13117130606,4,3.217918304723778,846700.0
576,13117130607,340,1.7163548161653441,595050.0
577,13117130608,579,1.724748966331955,899700.0
578,13117130609,9,1.650974797907751,417400.0
579,13117130610,657,2.027123483226267,775500.0
580,13117130611,489,1.9456223497131453,774900.0
581,13117130613,305,1.4172797585361254,573100.0
582,13117130614,64,1.8588014140794908,519950.0
583,13117130615,479,2.1118644067796613,1078200.0
584,13121000100,300,2.6802807393358323,1058800.0
585,13121000201,311,2.4837205358656944,1018900.0
586,13121000202,501,2.5634816247582206,1083100.0
587,13121000400,91,2.8073852295409183,1561600.0
588,13121000501,1,7.548230912476722,268500.0
589,13121000502,252,2.760162151588512,1660550.0
590,13121000602,2,1.8646018417015142,571550.0
591,13121000700,30,2.886573782469578,204150.0
592,13121001203,2,4.755520312606581,287900.0
593,13121001204,21,1.5783955132894416,454700.0
594,13121001206,6,1.2462520569775235,594350.0
595,13121001301,135,2.204911539477159,691100.0
596,13121001302,75,2.5132261410788383,893100.0
597,13121001400,122,2.4992827249644716,936700.0
598,13121001501,61,2.1593837806414107,487400.0
599,13121001502,82,2.6555099416197083,1000050.0
600,13121001600,36,2.579600502921563,960950.0
601,13121001701,129,2.014104882459313,682900.0
602,13121001702,6,0.06813687606224245,534150.0
603,13121001801,20,1.8701443759587013,354650.0
604,13121001802,28,1.6744712644965194,666150.0
605,13121001901,2,3.784311255257313,339250.0
606,13121002100,35,1.7176870748299318,583300.0
607,13121002300,151,2.240663900414938,185000.0
608,13121002400,86,3.0207597079674113,230800.0
609,13121002801,2,2.8799644018721247,416800.0
610,13121002802,4,2.709439460725948,327650.0
611,13121002900,189,1.6426359256710257,665300.0
612,13121003100,88,1.7276234553046652,626450.0
613,13121003500,16,1.5770651806561058,360100.0
614,13121003600,16,1.8018894475419687,297900.0
615,13121003800,60,1.8041254707585574,300450.0
616,13121003900,36,2.3890975332693745,232300.0
617,13121004100,111,1.6009019165727172,406000.0
618,13121004200,42,2.0775343575462006,431800.0
619,13121004900,68,2.4762520541307387,629500.0
620,13121005000,216,2.636057890156615,631650.0
621,13121005200,249,2.0389303482587064,587600.0
622,13121005300,230,2.3192437861593023,658050.0
623,13121005501,108,1.6007218059375892,402650.0
624,13121005504,142,1.4172260753767083,271900.0
625,13121005700,51,0.6126082771896054,297500.0
626,13121005800,80,1.5157952099934882,392450.0
627,13121006100,25,1.5306980656013456,296700.0
628,13121006200,12,0.02986537361040359,337350.0
629,13121006300,149,0.5651998385143319,275600.0
630,13121006400,113,2.0533227218463987,401200.0
631,13121006500,111,0.6763664962642548,272500.0
632,13121006601,189,0.8272076372315036,302700.0
633,13121006602,122,-0.46052637994585566,251850.0
634,13121006701,68,1.1048340703987345,165000.0
635,13121006702,76,1.493917926826235,255550.0
636,13121006802,28,1.949658465007565,225650.0
637,13121006900,162,1.1357016423562099,278800.0
638,13121007001,481,1.7794452023647112,192700.0
639,13121007002,343,0.7596545934276805,195600.0
640,13121007100,309,1.6944091486658197,186700.0
641,13121007200,564,1.1866401642103415,188000.0
642,13121007301,135,1.0815525512429132,255600.0
643,13121007302,190,1.0593433553515355,191150.0
644,13121007400,113,1.9328493647912883,227500.0
645,13121007703,237,1.5180132913606157,302500.0
646,13121007705,213,0.8313651393481342,279400.0
647,13121007707,321,1.61520825372564,344800.0
648,13121007708,124,1.8653411513537135,226950.0
649,13121007709,190,1.0971461920473695,317350.0
650,13121007710,199,1.044280442804428,230300.0
651,13121007711,54,1.6356108836581469,206800.0
652,13121007805,464,1.212714964498088,229750.0
653,13121007806,252,0.7887842459188603,215800.0
654,13121007807,21,1.1221719457013577,182600.0
655,13121007808,3,-0.1763888888888888,120700.0
656,13121007809,535,1.812844036697248,300700.0
657,13121007810,331,1.298809523809524,302300.0
658,13121007900,504,1.3988505467702268,335100.0
659,13121008000,288,1.4081673849158287,280550.0
660,13121008103,50,0.9890008492109367,268750.0
661,13121008104,256,1.3503964325749562,295000.0
662,13121008202,450,0.34844057734757344,169750.0
663,13121008203,166,2.1851853418798965,266350.0
664,13121008204,399,1.1304347826086958,236400.0
665,13121008301,230,1.9128237486436759,201750.0
666,13121008302,174,2.083033582768625,210450.0
667,13121008500,204,2.436805975656638,254600.0
668,13121008601,236,1.8969438360899118,215600.0
669,13121008602,161,1.880689655172414,216600.0
670,13121008701,496,2.3223690932904795,215050.0
671,13121008702,10,2.1906628719427377,254250.0
672,13121008801,172,1.5143132665764436,507300.0
673,13121008903,167,1.7304742970746947,371400.0
674,13121008905,94,1.778760761612989,597800.0
675,13121008906,272,2.668584749558481,742650.0
676,13121008907,30,2.222714873915338,681750.0
677,13121008908,31,1.9405940594059403,600700.0
678,13121009001,234,2.356697859363966,828000.0
679,13121009103,12,1.2630974426673467,514450.0
680,13121009105,15,2.9618482718219097,1013700.0
681,13121009201,26,1.5294899300131675,514200.0
682,13121009301,75,2.7128743923474987,724500.0
683,13121009302,33,2.7924399795675123,587300.0
684,13121009407,29,1.5239095315024231,637000.0
685,13121009409,49,1.2857623695725346,295500.0
686,13121009411,10,1.8372130221098213,795500.0
687,13121009504,37,2.5600400266844563,1611500.0
688,13121009604,166,2.2466332583918023,1165400.0
689,13121009605,4,0.9277235584996534,438650.0
690,13121009700,523,2.489213408562894,1701000.0
691,13121009802,667,2.894033837934105,1755600.0
692,13121009803,196,2.2897179004255896,1074550.0
693,13121009804,242,2.173254556870627,1593150.0
694,13121009900,318,1.9051866622886469,2066300.0
695,13121010003,84,2.9911858162132297,935800.0
696,13121010004,253,2.687074829931973,1132600.0
697,13121010005,491,2.7252272522725227,1020500.0
698,13121010007,63,2.8427631578947365,1561000.0
699,13121010106,669,2.388399485301396,825500.0
700,13121010107,415,2.699096257657548,952400.0
701,13121010108,555,2.5729703213146924,852000.0
702,13121010115,188,3.1841702097035967,1018550.0
703,13121010117,120,1.942602328471555,558350.0
704,13121010120,39,1.2964959568733154,257700.0
705,13121010121,3,-0.3053571428571428,267100.0
706,13121010124,1,1.3846673421141509,296100.0
707,13121010125,31,1.7757541263517358,333800.0
708,13121010126,24,1.869748891882984,568200.0
709,13121010127,127,1.9217046580773045,677100.0
710,13121010130,29,2.1213221939702143,546100.0
711,13121010131,58,1.9504298413693222,749650.0
712,13121010132,107,2.7548209366391188,568100.0
713,13121010133,238,2.2424650800673507,775750.0
714,13121010134,56,1.6070944003100442,477650.0
715,13121010135,105,2.1480530594779634,694400.0
716,13121010136,30,2.1550785383847244,691050.0
717,13121010137,30,2.238751881890809,374250.0
718,13121010204,50,3.4201037687414617,1534600.0
719,13121010211,192,2.777980758817914,1434500.0
720,13121010212,249,2.387843137254902,1189300.0
721,13121010213,25,1.3109098749460977,247000.0
722,13121010215,205,2.997032640949555,887900.0
723,13121010216,9,3.1782458346431937,666900.0
724,13121010217,134,2.8630671071001053,714450.0
725,13121010218,104,2.1666806729126016,768950.0
726,13121010219,98,1.6159282093875116,425300.0
727,13121010220,335,2.9484675694939417,879700.0
728,13121010221,8,2.0595200698856386,556750.0
729,13121010222,298,2.6725846370299706,1350350.0
730,13121010223,454,2.3743291611076627,1485300.0
731,13121010305,454,1.7147551858536296,293500.0
732,13121010306,1011,1.4304418985270049,444100.0
733,13121010307,426,1.2651536834851038,342300.0
734,13121010308,1025,1.3516463189049204,421100.0
735,13121010309,985,1.3749114103472715,366400.0
736,13121010310,417,1.2547537786445635,415300.0
737,13121010311,679,1.394700139470014,382900.0
738,13121010312,293,1.6302360195619818,343400.0
739,13121010313,504,1.5287736100104303,424750.0
740,13121010314,268,1.0989266663423967,335300.0
741,13121010315,567,1.1223522853957637,346100.0
742,13121010401,924,2.15850881440017,274200.0
743,13121010402,1415,2.432289034866094,393100.0
744,13121010508,209,1.2822405557967869,233200.0
745,13121010517,153,1.1655629139072847,269000.0
746,13121010519,899,1.1884550084889642,350700.0
747,13121010520,414,1.2429114225909643,349500.0
748,13121010521,313,0.9703247480403135,220100.0
749,13121010522,256,1.328248705317671,197650.0
750,13121010523,174,1.1164191408293083,248750.0
751,13121010524,129,1.2626358053849789,200700.0
752,13121010525,4,1.193887214330156,213850.0
753,13121010526,970,1.1917245881003073,304750.0
754,13121010527,473,1.3165905631659056,219100.0
755,13121010528,397,1.4724946695095948,245600.0
756,13121010529,294,1.3698972317252296,272400.0
757,13121010530,375,1.3958192852326363,265300.0
758,13121010532,328,1.0955874030554251,243450.0
759,13121010533,489,0.9689922480620154,315500.0
760,13121010534,315,1.3735849056603773,269700.0
761,13121010535,394,1.1811118941307441,319950.0
762,13121010536,698,1.185996330720943,378450.0
763,13121010537,322,1.37271849923189,288800.0
764,13121010538,327,1.1626139817629175,299300.0
765,13121010539,112,0.9742146173864235,337350.0
766,13121010540,242,1.4478316110683502,305150.0
767,13121010601,291,2.3690621193666264,356700.0
768,13121010603,132,1.6096522413945302,406700.0
769,13121010604,385,1.8305328852616416,242800.0
770,13121010801,231,1.3003095975232195,341200.0
771,13121010802,410,1.6528000633938944,282850.0
772,13121011000,169,-0.345989926385122,227800.0
773,13121011100,180,1.3360935368436815,286000.0
774,13121011202,99,1.4417379855167871,296400.0
775,13121011203,300,1.5550348101135572,250400.0
776,13121011204,45,1.5216632742076184,227300.0
777,13121011301,513,0.9503441494591937,252300.0
778,13121011306,246,1.5884398703301543,237350.0
779,13121011307,292,1.4730073800738008,244700.0
780,13121011308,111,1.4774132192106515,237200.0
781,13121011309,477,1.115727002967359,293300.0
782,13121011310,351,1.3875123885034688,266600.0
783,13121011416,153,1.9984945427173504,557000.0
784,13121011417,488,1.8239392128467828,570300.0
785,13121011419,456,1.8967132886993339,530050.0
786,13121011421,130,1.9051589985918105,291050.0
787,13121011422,285,2.35716621253406,755400.0
788,13121011423,605,2.067403001982441,569900.0
789,13121011424,136,2.3749158024926267,617100.0
790,13121011426,396,2.166248306853289,460300.0
791,13121011428,227,1.881498597128239,771800.0
792,13121011429,322,2.253900939616651,421400.0
793,13121011430,180,1.4487645466109194,250900.0
794,13121011431,146,1.9122073815756346,366150.0
795,13121011432,137,1.908272813388064,521300.0
796,13121011433,148,2.344934180176618,648750.0
797,13121011434,251,1.6989268292682929,513700.0
798,13121011435,171,1.973025422084223,510300.0
799,13121011436,376,2.09496796698268,576300.0
800,13121011437,254,2.1542156362504494,488050.0
801,13121011438,420,1.8774722020014605,553000.0
802,13121011439,201,2.511424219345012,607700.0
803,13121011440,104,2.5332376331422606,779550.0
804,13121011441,88,1.8026360141054312,516050.0
805,13121011442,26,2.0399074665848618,588800.0
806,13121011443,323,2.4405191059841385,1047000.0
807,13121011444,742,2.5921729069978134,1107050.0
808,13121011445,175,2.586799453231791,582600.0
809,13121011446,501,2.5413186422605296,719100.0
810,13121011505,208,2.313219994806408,764650.0
811,13121011507,1318,2.274853100580466,1201150.0
812,13121011508,1082,2.471469192351118,1046950.0
813,13121011509,303,2.0710194730813285,902400.0
814,13121011510,901,2.264035490286064,845800.0
815,13121011511,351,2.625546988956033,957900.0
816,13121011512,330,2.169601033314783,800600.0
817,13121011513,502,2.0378775173069106,719050.0
818,13121011514,976,2.247286860359462,1064750.0
819,13121011515,369,2.583550604408628,1086700.0
820,13121011612,252,2.0604762064211424,1129450.0
821,13121011618,232,2.5723175137459244,1009250.0
822,13121011624,4,2.390035556014615,878900.0
823,13121011627,275,2.7043182520869835,1100000.0
824,13121011628,274,2.046878530821176,670750.0
825,13121011629,406,2.4002111833739566,740150.0
826,13121011630,252,2.1236684186659374,583400.0
827,13121011631,402,1.9690219375903855,571700.0
828,13121011632,124,1.9656668357074891,615000.0
829,13121011633,305,2.155588872230551,580200.0
830,13121011634,99,1.8284561049445005,491300.0
831,13121011635,262,1.790885433018959,624250.0
832,13121011638,155,2.1496317585773306,557800.0
833,13121011640,16,2.14667908107564,358500.0
834,13121011641,390,2.482172125094256,1011850.0
835,13121011642,39,2.139020979020979,366600.0
836,13121011643,117,1.87831623629289,521200.0
837,13121011644,219,1.4475510608764623,469200.0
838,13121011645,71,1.7952491608572163,448700.0
839,13121011646,45,1.733887138355772,346800.0
840,13121011647,231,2.307969707897584,547400.0
841,13121011648,193,2.003049665988963,684000.0
842,13121011649,347,1.987246032923031,779000.0
843,13121011650,274,2.472604055952599,792150.0
844,13121011651,94,2.5128692777295534,696100.0
845,13121011652,198,2.7427353894182875,720250.0
846,13121011653,21,2.565256181493755,676800.0
847,13121011654,124,2.8342421202193213,810400.0
848,13121011655,266,2.6457041007882642,732650.0
849,13121011656,587,2.493977610882812,776100.0
850,13121011657,176,2.146160042284894,600700.0
851,13121011658,258,1.7352515853567585,535200.0
852,13121011659,362,2.283417139711803,790300.0
853,13121011660,142,1.8862232749756411,473900.0
854,13121011661,523,2.5321467490010896,883300.0
855,13121011901,2,1.9111109415753602,446100.0
856,13121011902,23,1.9584954604409857,523100.0
857,13121012000,35,1.394990366088632,356500.0
858,13121012300,487,1.669301296237749,368700.0
859,13135050105,634,2.376108483294925,309600.0
860,13135050110,685,1.74625468164794,451000.0
861,13135050111,237,2.25260029717682,350700.0
862,13135050112,70,1.6551129768242403,281900.0
863,13135050113,386,1.7170300015718207,395850.0
864,13135050114,242,1.5794505825067755,400650.0
865,13135050115,244,1.8785712434795814,521750.0
866,13135050116,1285,1.8222868707310904,665700.0
867,13135050117,118,1.4931553570947695,575350.0
868,13135050118,25,1.458034321372855,354100.0
869,13135050119,366,1.7456695312236712,364850.0
870,13135050120,522,1.5945557003662538,488850.0
871,13135050121,350,1.5458397220617095,447550.0
872,13135050205,83,2.236898167873881,393500.0
873,13135050215,1,2.05943730203093,536700.0
874,13135050218,537,1.971383147853736,342800.0
875,13135050219,619,1.700662251655629,371900.0
876,13135050221,163,1.6530746464978625,329200.0
877,13135050222,190,1.9820495230918,308850.0
878,13135050223,152,1.5771535086456603,479300.0
879,13135050224,480,1.7134965000844513,560200.0
880,13135050225,333,1.487639466199956,406400.0
881,13135050226,267,1.4539877300613495,371800.0
882,13135050227,205,2.176403207331042,594000.0
883,13135050228,87,1.754292147481002,334800.0
884,13135050229,1,3.5293066476054324,1119200.0
885,13135050230,25,1.74017401740174,328800.0
886,13135050231,455,1.8421672555948168,522100.0
887,13135050232,521,1.7153359199509906,506600.0
888,13135050233,254,1.7830347580389037,517200.0
889,13135050234,119,1.7374206155349292,422900.0
890,13135050235,443,1.5746133761799557,514300.0
891,13135050236,73,1.7376198710894513,626900.0
892,13135050237,255,1.8925619834710743,476800.0
893,13135050238,273,1.5195752719692528,1314800.0
894,13135050239,418,1.6370400928981788,612700.0
895,13135050241,326,1.6548261394176065,455700.0
896,13135050242,167,2.314540059347181,530800.0
897,13135050243,970,2.0420904298014264,651650.0
898,13135050244,356,2.134885101130405,645950.0
899,13135050306,650,1.9600525412628196,283350.0
900,13135050308,271,2.182078640584865,910400.0
901,13135050311,489,1.9855588112180824,496000.0
902,13135050315,181,2.21868787276342,477600.0
903,13135050317,105,1.992993382639159,230200.0
904,13135050321,745,2.307000152508769,640900.0
905,13135050322,180,2.137318052591571,480200.0
906,13135050323,591,2.1929852658552207,603000.0
907,13135050324,91,1.471403376165281,402700.0
908,13135050325,316,1.6907966780048647,336550.0
909,13135050326,229,1.903940084662976,333300.0
910,13135050327,15,2.0560747663551404,348800.0
911,13135050328,126,2.2036797653051345,313650.0
912,13135050330,188,1.841835391157253,316050.0
913,13135050331,216,1.804558016193057,382450.0
914,13135050332,102,2.6911706577634504,263050.0
915,13135050333,244,1.7107333302070142,333400.0
916,13135050334,189,2.0685396727384995,333100.0
917,13135050335,110,1.6150355320132141,348550.0
918,13135050336,199,1.791762540266912,415200.0
919,13135050415,486,1.31807231631552,389300.0
920,13135050416,454,1.693277214164767,294800.0
921,13135050425,476,1.6587607548922119,404250.0
922,13135050427,555,1.6176470588235297,427700.0
923,13135050430,261,1.824130879345603,332900.0
924,13135050433,2,2.03697440044157,484600.0
925,13135050435,292,1.7220184299131667,338000.0
926,13135050437,110,2.065851969934717,307750.0
927,13135050438,83,1.888586956521739,310400.0
928,13135050440,243,1.733500717360115,284200.0
929,13135050441,257,1.6219148359099538,385500.0
930,13135050442,170,1.5867791821870902,343050.0
931,13135050444,185,1.5925717501406866,330500.0
932,13135050445,93,2.0241877256317693,294300.0
933,13135050446,66,1.5362364194922988,404500.0
934,13135050449,308,1.8392407186686088,311100.0
935,13135050450,129,1.914449818621524,323600.0
936,13135050451,65,1.3122807017543858,274300.0
937,13135050452,96,2.5028412454010187,307750.0
938,13135050453,220,1.9112882386420345,300000.0
939,13135050454,9,1.3669724770642202,277400.0
940,13135050455,51,1.8954884777669587,287300.0
941,13135050456,136,1.8728017675222532,267850.0
942,13135050457,246,1.5254546746635058,451550.0
943,13135050458,56,1.4913938508705051,414300.0
944,13135050459,372,1.7482365883042368,330100.0
945,13135050460,61,1.7626193724420192,339200.0
946,13135050461,263,1.697626418988648,404600.0
947,13135050462,407,1.509433962264151,469600.0
948,13135050463,111,1.981248894392358,503100.0
949,13135050464,168,1.898633234391335,330950.0
950,13135050465,600,1.7720087776764553,350150.0
951,13135050466,552,1.7260292413356302,384100.0
952,13135050520,403,1.5352819604369647,292300.0
953,13135050521,857,1.340542285345384,341700.0
954,13135050522,309,1.596806387225549,316400.0
955,13135050526,127,1.717485998755445,295200.0
956,13135050528,131,1.4422010206345683,450700.0
957,13135050529,222,1.6119056838844368,384850.0
958,13135050530,157,1.475304682488775,307700.0
959,13135050536,672,1.4278663814062045,334050.0
960,13135050537,18,1.6056205074028909,309100.0
961,13135050539,45,1.5438843849136412,299800.0
962,13135050542,238,1.7301079136177928,314650.0
963,13135050549,382,1.7743247777552318,385850.0
964,13135050550,237,1.4885382554331643,302800.0
965,13135050551,185,1.581302834410741,462500.0
966,13135050552,99,1.6382173638848012,413900.0
967,13135050553,33,1.6394279877425946,529400.0
968,13135050554,276,1.378277926904811,344000.0
969,13135050555,284,1.432209814739421,389950.0
970,13135050556,251,1.5617486338797817,313600.0
971,13135050557,205,1.658586374075019,298600.0
972,13135050558,225,1.4824766355140189,310100.0
973,13135050559,414,1.4659308505883621,317750.0
974,13135050560,703,1.6112999838109112,618200.0
975,13135050561,192,1.7702009345503988,340150.0
976,13135050562,492,1.881524068198077,316050.0
977,13135050563,293,1.3781223083548666,348300.0
978,13135050564,58,1.3027046501301198,267650.0
979,13135050565,288,1.4672287209870847,361250.0
980,13135050566,123,1.4773726402896303,379000.0
981,13135050567,362,1.5643468238897076,336950.0
982,13135050568,218,1.2838677418222233,358100.0
983,13135050569,466,1.3370051487518564,294950.0
984,13135050570,335,1.3049665988963113,343500.0
985,13135050571,651,1.26775956284153,362200.0
986,13135050572,438,1.5649733930203824,377350.0
987,13135050573,63,1.430957683741648,367800.0
988,13135050574,35,1.6084519189305737,355200.0
989,13135050575,373,1.4746543778801844,367000.0
990,13135050576,141,1.971153846153846,287100.0
991,13135050577,73,1.7752596789423984,316100.0
992,13135050578,308,1.5902018314319317,456550.0
993,13135050579,394,1.6201769838436766,417750.0
994,13135050580,337,1.0763610652839972,451200.0
995,13135050581,205,1.2817739318550567,347600.0
996,13135050582,269,1.5334207077326345,440500.0
997,13135050583,289,1.253936444317206,344300.0
998,13135050584,334,1.624365169280225,431250.0
999,13135050585,406,1.1623524652824198,335350.0
1000,13135050586,214,1.1009856127774782,430600.0
1001,13135050587,169,1.0563961485557083,374400.0
1002,13135050588,437,1.186022871664549,414900.0
1003,13135050589,457,1.1858726475895849,386500.0
1004,13135050590,242,1.1749821618536105,419650.0
1005,13135050591,296,1.3046516643719324,440800.0
1006,13135050611,711,1.5722337585286268,353600.0
1007,13135050612,589,1.3531130591144076,411600.0
1008,13135050613,258,1.3876899835408474,377500.0
1009,13135050614,275,1.42157985117344,372400.0
1010,13135050615,91,2.0248138957816377,533900.0
1011,13135050616,481,1.7449930135072196,531800.0
1012,13135050617,808,1.462818857102866,529650.0
1013,13135050618,242,1.6572247023716022,621500.0
1014,13135050619,832,1.4421108440477663,510700.0
1015,13135050620,231,1.4748446285883396,536700.0
1016,13135050621,232,1.6186786285670525,583650.0
1017,13135050622,594,1.6647624106141512,329200.0
1018,13135050623,509,1.3314376706096451,439100.0
1019,13135050624,114,1.1504711209035992,455000.0
1020,13135050625,586,1.1742829773571795,475550.0
1021,13135050626,914,1.2516179184371732,454500.0
1022,13135050627,721,1.292984869325997,386000.0
1023,13135050628,468,1.5092080418671818,399050.0
1024,13135050630,323,1.2481998199819984,430000.0
1025,13135050631,280,1.6988516747529703,448550.0
1026,13135050632,106,1.6560678350028857,399500.0
1027,13135050633,223,1.6162790697674418,350200.0
1028,13135050634,210,1.7724137833012952,654100.0
1029,13135050635,102,1.8658922562041276,556650.0
1030,13135050636,359,1.5005109862033723,405800.0
1031,13135050715,438,1.681767410186254,333000.0
1032,13135050719,264,1.4972300558184692,311100.0
1033,13135050722,301,1.3529786556228098,319100.0
1034,13135050725,75,1.436334405144695,292500.0
1035,13135050729,158,1.4123583150712136,313250.0
1036,13135050732,612,1.305297527050001,365300.0
1037,13135050733,248,1.3986936644967412,341500.0
1038,13135050734,389,1.4050919377652051,329300.0
1039,13135050735,528,1.0457217378470354,331800.0
1040,13135050736,486,1.246370571270616,343050.0
1041,13135050737,657,1.3675240161140378,358400.0
1042,13135050738,702,1.26212439779281,336950.0
1043,13135050739,759,1.410641627543036,366300.0
1044,13135050740,193,1.4893040888166802,347100.0
1045,13135050741,193,1.414717626925271,473300.0
1046,13135050742,719,1.5581027667984189,414100.0
1047,13135050743,467,1.2691087395442746,405100.0
1048,13135050744,825,1.3697442566103164,400400.0
1049,13135050745,551,1.3426036921601536,414600.0
1050,13135050746,350,1.4919907745745722,382750.0
1051,13135050747,435,1.163785775007084,376000.0
1052,13135050748,623,1.1834688346883468,440800.0
1053,13135050749,226,1.1482322813782904,300450.0
1054,13135050750,183,1.3089270008795073,445100.0
1055,13135050751,511,1.330631543397501,351900.0
1056,13135050752,477,1.2131480853947814,360400.0
1057,13135050753,160,1.2491344913014375,337300.0
1058,13135050754,291,1.409891984081865,343700.0
1059,13135050755,104,0.9833338370710671,359050.0
1060,13135050756,459,1.725486304088924,728800.0
1061,13135050757,345,1.5301021517061508,409800.0
1062,13135050758,203,1.42578125,332800.0
1063,13135050759,558,1.3791073070300053,446400.0
1064,13135050760,311,1.597139451728248,421000.0
1065,13135050761,308,1.6284053404677779,479150.0
1066,13135050762,497,1.3803983435219878,471400.0
1067,13135050763,361,1.48544266191325,354900.0
1068,13135050764,166,1.4158621169148444,390500.0
1069,13135050765,284,1.505579474239771,573150.0
1070,13151070109,336,1.2853290889005176,272400.0
1071,13151070113,489,0.877327935222672,235000.0
1072,13151070114,362,1.1993005949149966,342350.0
1073,13151070115,65,1.5238740264138164,295300.0
1074,13151070116,469,1.5859030837004406,288700.0
1075,13151070117,627,1.1982991882489369,261200.0
1076,13151070118,661,1.3409436834094368,336000.0
1077,13151070119,569,1.4602346805736637,236900.0
1078,13151070120,246,1.4040709904077509,268550.0
1079,13151070121,601,1.4162153012863914,289400.0
1080,13151070122,279,1.0189544481809845,273700.0
1081,13151070123,139,1.4115402956604672,246400.0
1082,13151070124,367,1.2881635344543356,359700.0
1083,13151070125,575,1.3957597173144876,262800.0
1084,13151070126,353,1.3795379537953796,266800.0
1085,13151070127,616,1.2182602147061785,281300.0
1086,13151070128,466,1.2495085722675943,293350.0
1087,13151070204,868,1.303525372024665,352300.0
1088,13151070206,596,1.2370773675466125,419900.0
1089,13151070207,509,1.2950142082149314,408000.0
1090,13151070208,1332,1.2094318377332436,426750.0
1091,13151070209,617,1.3682546850304809,362200.0
1092,13151070210,222,1.2428305978476046,404250.0
1093,13151070211,347,1.417833959685685,329400.0
1094,13151070212,599,1.045178435839028,226200.0
1095,13151070213,185,1.0453558504221954,429100.0
1096,13151070214,816,1.0744752438352205,395700.0
1097,13151070215,432,1.164743651378695,383200.0
1098,13151070216,1108,1.3030483583580175,442900.0
1099,13151070307,1128,1.1840457388561743,332100.0
1100,13151070310,862,1.1993499053421106,295700.0
1101,13151070312,931,1.0522672204915196,267400.0
1102,13151070313,1189,1.2818274111675128,446500.0
1103,13151070314,501,1.168154761904762,319000.0
1104,13151070315,470,1.532846809483523,566350.0
1105,13151070316,321,1.1325259515570931,290600.0
1106,13151070317,97,1.2662822252374493,294800.0
1107,13151070318,466,1.0485815585383378,304950.0
1108,13151070319,442,1.0471266795830867,320350.0
1109,13151070320,201,1.1610619469026549,309600.0
1110,13151070321,638,1.2296307342119641,366350.0
1111,13151070322,261,0.8865921787709498,203300.0
1112,13151070323,4,-0.1123962829709614,267150.0
1113,13151070324,702,0.8229136600780398,230200.0
1114,13151070325,211,1.2468904013142454,387000.0
1115,13151070405,548,1.1071234049175227,296750.0
1116,13151070406,564,1.2863652152890457,283550.0
1117,13151070407,994,1.230592815543525,345650.0
1118,13151070408,503,1.111888111888112,302800.0
1119,13151070409,1063,1.3073668491786958,307100.0
1120,13151070410,1234,1.2464366228970558,300000.0
1121,13151070411,1376,1.075852384214329,392250.0
1122,13151070412,993,1.1192538307794804,295000.0
1123,13151070503,687,1.4985862393967957,276300.0
1124,13151070504,460,1.472584881493924,267000.0
1125,13151070505,1006,1.3713263720191087,312250.0
1126,13151070506,642,1.1193493956992622,316300.0
1127,13151070507,679,1.1615449675782352,333600.0
1128,13151070508,1330,1.1010214636444244,381800.0
1129,13247060101,1071,1.5669064748201438,251300.0
1130,13247060103,836,1.5106025532642668,371750.0
1131,13247060104,811,1.2971698113207548,299900.0
1132,13247060201,633,1.5651946238436028,279800.0
1133,13247060203,1128,1.201222816684146,302850.0
1134,13247060204,673,1.2149976269577598,375300.0
1135,13247060305,738,1.3422340957018821,247800.0
1136,13247060306,447,1.0584152689415849,403600.0
1137,13247060310,443,1.3602243313201037,245800.0
1138,13247060311,551,1.1361256544502618,361500.0
1139,13247060312,359,1.2148428267549043,348100.0
1140,13247060313,336,1.4106107180852367,374250.0
1141,13247060314,85,1.3198979591836737,262900.0
1142,13247060315,414,1.1230131677298467,318700.0
1143,13247060316,226,1.7188616169520636,252050.0
1144,13247060317,532,1.0925894536800644,224850.0
1145,13247060318,193,1.395572666025024,210200.0
1146,13247060403,1116,1.2047177007016119,375550.0
1147,13247060406,478,1.0353803626939424,316900.0
1148,13247060407,669,1.4076521739130436,269900.0
1149,13247060408,869,1.3198950381679388,411300.0
1150,13247060409,946,1.195908014820214,340500.0
1151,13247060410,679,1.3592233009708738,236600.0
1152,13247060411,539,1.0877659574468086,315400.0
